ts	phase	decision	why	evidence	result
2026-09-15T14:46:00Z	16A	launched B0.2 full-history run workers=12	quota-5	/workspace/implementation/reports/research-work/P15-16A/1e13829f2c88f1e1/runner.pid	running
2026-09-15T14:47:00Z	16A	first completion.json 2020-01-01 14.0s	checkpointed runner live	jobs/2020-01-01/completion.json	progressing
2026-09-15T14:55:00Z	16A	restarted runner after KeyError/UnboundLocalError/ArrowInvalid	fix then resume	jumbo.py green_b02.py sires_b02.py	resumed 1569 pending
2026-09-15T18:00:00Z	16A	guard None open in saint _scan_poc; do not treat missing O as a push	2026-07-07 ConversionSyntax	saint.py:_scan_poc	resume 2026-07-07
2026-09-15T18:00:00Z	16A	RR-02 and F18 marked partial with WORK_LOG reasons	independent verification	FIDELITY_MATRIX.json	not implemented
2026-09-15T18:00:00Z	16A	SI-2026-07-08 divergence states miss:side	branch match opposite side is not same-side match	sires_b02.py:replay_example	match_branch_only;miss:side
2026-09-15T18:20:00Z	16A	resumed B0.2; 2026-07-07 completed; RUN_COMPLETE written	None-open guard; checkpoint kept 1741 dates	RUN_COMPLETE.json	1742/1742 failed_dates empty
2026-09-15T19:00:00Z	16A	KEANI B0.2 marked not_measured	job path collision with GB-VWAP source_long	B02_SUMMARY.json	66196 distinct jobs
2026-09-15T19:00:00Z	16A	S01/S03 status unsupported	probes stage not run; pending is not an EVIDENCE_STATUS	EVIDENCE_MATRIX.json	no verifier command
